-- phpMyAdmin SQL Dump
-- version 5.2.1
-- https://www.phpmyadmin.net/
--
-- Gép: 127.0.0.1
-- Létrehozás ideje: 2025. Feb 25. 15:23
-- Kiszolgáló verziója: 10.4.32-MariaDB
-- PHP verzió: 8.2.12

SET SQL_MODE = "NO_AUTO_VALUE_ON_ZERO";
START TRANSACTION;
SET time_zone = "+00:00";


/*!40101 SET @OLD_CHARACTER_SET_CLIENT=@@CHARACTER_SET_CLIENT */;
/*!40101 SET @OLD_CHARACTER_SET_RESULTS=@@CHARACTER_SET_RESULTS */;
/*!40101 SET @OLD_COLLATION_CONNECTION=@@COLLATION_CONNECTION */;
/*!40101 SET NAMES utf8mb4 */;

--
-- Adatbázis: `cap_mngmt`
--

-- --------------------------------------------------------

--
-- Tábla szerkezet ehhez a táblához `group`
--

CREATE TABLE `group` (
  `groupId` int(6) UNSIGNED NOT NULL,
  `groupName` varchar(32) NOT NULL,
  `groupDesc` varchar(256) NOT NULL,
  `canAdministrative` int(1) DEFAULT 0,
  `mngGroups` int(1) DEFAULT 0,
  `mngHuntgroups` int(1) DEFAULT 0,
  `mngUsers` int(1) DEFAULT 0,
  `mngTools` int(1) DEFAULT 0,
  `canUsers` int(1) DEFAULT 0,
  `canEdit` int(1) DEFAULT 0,
  `canLogin` int(1) DEFAULT 0,
  `isDelete` int(1) DEFAULT 1
) ENGINE=InnoDB DEFAULT CHARSET=utf8mb4 COLLATE=utf8mb4_general_ci;

--
-- A tábla adatainak kiíratása `group`
--

INSERT INTO `group` (`groupId`, `groupName`, `groupDesc`, `canAdministrative`, `mngGroups`, `mngHuntgroups`, `mngUsers`, `mngTools`, `canUsers`, `canEdit`, `canLogin`, `isDelete`) VALUES
(1, 'Adminisztrátor', 'Adminisztratív jogosultság', 1, 1, 1, 1, 1, 1, 1, 1, 0),
(2, 'Alapértelmezett', 'Alapértelmezett jogosultság', 0, 0, 0, 0, 0, 1, 1, 1, 0),
(3, 'Korlátozott', 'Korlátozott hozzáféréssel rendelkezö jogosultság', 0, 0, 0, 0, 0, 1, 1, 1, 0),
(4, 'Törölt', 'Törölt felhasználók jogosultsága', 0, 0, 0, 0, 0, 0, 0, 0, 0);

-- --------------------------------------------------------

--
-- Tábla szerkezet ehhez a táblához `group_member`
--

CREATE TABLE `group_member` (
  `groupMemberId` int(6) UNSIGNED NOT NULL,
  `userId` int(6) UNSIGNED NOT NULL,
  `groupId` int(6) UNSIGNED NOT NULL,
  `isDelete` int(6) UNSIGNED DEFAULT 1
) ENGINE=InnoDB DEFAULT CHARSET=utf8mb4 COLLATE=utf8mb4_general_ci;

--
-- A tábla adatainak kiíratása `group_member`
--

INSERT INTO `group_member` (`groupMemberId`, `userId`, `groupId`, `isDelete`) VALUES
(1, 1, 1, 0);

-- --------------------------------------------------------

--
-- Tábla szerkezet ehhez a táblához `huntgroup`
--

CREATE TABLE `huntgroup` (
  `huntgroupId` int(6) UNSIGNED NOT NULL,
  `huntgroupName` varchar(32) NOT NULL,
  `huntgroupDesc` varchar(256) NOT NULL,
  `isDelete` int(6) UNSIGNED DEFAULT 1
) ENGINE=InnoDB DEFAULT CHARSET=utf8mb4 COLLATE=utf8mb4_general_ci;

--
-- A tábla adatainak kiíratása `huntgroup`
--

INSERT INTO `huntgroup` (`huntgroupId`, `huntgroupName`, `huntgroupDesc`, `isDelete`) VALUES
(1, 'Alapértelmezett', 'Alapértelmezett adatok gyüjtő csoportja', 0),
(2, '#_admin', '', 0);

-- --------------------------------------------------------

--
-- Tábla szerkezet ehhez a táblához `huntgroup_member`
--

CREATE TABLE `huntgroup_member` (
  `huntgroupMemberId` int(6) UNSIGNED NOT NULL,
  `userId` int(6) UNSIGNED NOT NULL,
  `huntgroupId` int(6) UNSIGNED NOT NULL,
  `isDelete` int(6) UNSIGNED DEFAULT 1
) ENGINE=InnoDB DEFAULT CHARSET=utf8mb4 COLLATE=utf8mb4_general_ci;

--
-- A tábla adatainak kiíratása `huntgroup_member`
--

INSERT INTO `huntgroup_member` (`huntgroupMemberId`, `userId`, `huntgroupId`, `isDelete`) VALUES
(1, 1, 1, 0),
(2, 1, 2, 0);

-- --------------------------------------------------------

--
-- Tábla szerkezet ehhez a táblához `log`
--

CREATE TABLE `log` (
  `logId` int(6) UNSIGNED NOT NULL,
  `logType` varchar(64) DEFAULT NULL,
  `logAction` varchar(64) DEFAULT NULL,
  `logCategory` varchar(64) DEFAULT NULL,
  `logText` text DEFAULT NULL,
  `logBool` varchar(16) DEFAULT NULL,
  `logDate` timestamp NOT NULL DEFAULT current_timestamp(),
  `userId` int(6) UNSIGNED NOT NULL,
  `isDelete` int(1) DEFAULT 1
) ENGINE=InnoDB DEFAULT CHARSET=utf8mb4 COLLATE=utf8mb4_general_ci;

-- --------------------------------------------------------

--
-- Tábla szerkezet ehhez a táblához `storagegroup`
--

CREATE TABLE `storagegroup` (
  `sgroup_id` int(11) NOT NULL,
  `sphys_id` int(11) NOT NULL,
  `group_name` varchar(255) DEFAULT NULL,
  `provisioned` int(11) DEFAULT NULL,
  `subscribed_capacity` int(11) DEFAULT NULL,
  `user_data` int(11) DEFAULT NULL,
  `user_data_percent` decimal(5,2) DEFAULT NULL,
  `total_effective_used` int(11) DEFAULT NULL,
  `total_physical_used` int(11) DEFAULT NULL,
  `total_physical_used_percent` decimal(5,2) DEFAULT NULL,
  `total_unreducible_used` int(11) DEFAULT NULL,
  `total_data_reduction_ratio` decimal(5,2) DEFAULT NULL,
  `effective_used` int(11) DEFAULT NULL,
  `effective_used_pct` decimal(5,2) DEFAULT NULL,
  `allocated_capacity` int(11) DEFAULT NULL,
  `allocated_capacity_pct` decimal(5,2) DEFAULT NULL,
  `physical_used` int(11) DEFAULT NULL,
  `used_capacity` int(11) DEFAULT NULL,
  `unreducible_used_cap` int(11) DEFAULT NULL,
  `data_reduction_ratio` decimal(5,2) DEFAULT NULL,
  `compression_ratio` decimal(5,2) DEFAULT NULL,
  `snap_effective_used` int(11) DEFAULT NULL,
  `snap_allocated_capacity` int(11) DEFAULT NULL,
  `snap_physical_used` int(11) DEFAULT NULL,
  `snap_used_capacity` int(11) DEFAULT NULL,
  `snap_unreducible_used_cap` int(11) DEFAULT NULL,
  `snapshot_resources_used_percent` decimal(5,2) DEFAULT NULL,
  `snap_data_reduction_ratio` decimal(5,2) DEFAULT NULL,
  `compression_snapshot_ratio` decimal(5,2) DEFAULT NULL,
  `insert_date` timestamp NOT NULL DEFAULT current_timestamp()
) ENGINE=InnoDB DEFAULT CHARSET=utf8mb4 COLLATE=utf8mb4_general_ci;

--
-- A tábla adatainak kiíratása `storagegroup`
--

INSERT INTO `storagegroup` (`sgroup_id`, `sphys_id`, `group_name`, `provisioned`, `subscribed_capacity`, `user_data`, `user_data_percent`, `total_effective_used`, `total_physical_used`, `total_physical_used_percent`, `total_unreducible_used`, `total_data_reduction_ratio`, `effective_used`, `effective_used_pct`, `allocated_capacity`, `allocated_capacity_pct`, `physical_used`, `used_capacity`, `unreducible_used_cap`, `data_reduction_ratio`, `compression_ratio`, `snap_effective_used`, `snap_allocated_capacity`, `snap_physical_used`, `snap_used_capacity`, `snap_unreducible_used_cap`, `snapshot_resources_used_percent`, `snap_data_reduction_ratio`, `compression_snapshot_ratio`, `insert_date`) VALUES
(1, 1, 'Group q', 160, 135, 128, 83.50, 115, 105, 77.00, 52, 2.55, 92, 84.25, 72, 95.00, 82, 87, 42, 1.80, 1.60, 32, 42, 38, 48, 28, 96.00, 2.12, 1.52, '2025-01-01 09:05:00'),
(2, 1, 'Group w', 190, 145, 132, 86.75, 118, 110, 79.50, 58, 2.70, 97, 86.00, 75, 97.00, 87, 90, 47, 1.85, 1.70, 37, 44, 42, 52, 33, 97.00, 2.18, 1.58, '2025-01-01 09:05:00'),
(3, 1, 'Group e', 185, 155, 140, 89.50, 122, 112, 82.00, 63, 2.85, 100, 87.75, 78, 98.50, 92, 95, 52, 1.90, 1.75, 42, 47, 47, 57, 38, 98.50, 2.24, 1.64, '2025-01-01 09:05:00'),
(4, 1, 'Group r', 170, 165, 145, 92.00, 127, 115, 84.50, 68, 3.00, 105, 89.50, 82, 100.00, 98, 100, 58, 1.95, 1.80, 47, 50, 52, 62, 43, 99.50, 2.30, 1.70, '2025-01-01 09:05:00'),
(5, 1, 'Group t', 175, 170, 150, 94.25, 130, 117, 87.00, 72, 3.15, 110, 91.25, 85, 102.00, 103, 105, 62, 2.00, 1.85, 52, 52, 57, 67, 48, 100.00, 2.35, 1.75, '2025-01-01 09:05:00'),
(6, 2, 'Group q', 160, 135, 128, 83.50, 115, 105, 77.00, 52, 2.55, 92, 84.25, 72, 95.00, 82, 87, 42, 1.80, 1.60, 32, 42, 38, 48, 28, 96.00, 2.12, 1.52, '2025-01-02 09:10:00'),
(7, 2, 'Group w', 190, 145, 132, 86.75, 118, 110, 79.50, 58, 2.70, 97, 86.00, 75, 97.00, 87, 90, 47, 1.85, 1.70, 37, 44, 42, 52, 33, 97.00, 2.18, 1.58, '2025-01-02 09:10:00'),
(8, 2, 'Group e', 185, 155, 140, 89.50, 122, 112, 82.00, 63, 2.85, 100, 87.75, 78, 98.50, 92, 95, 52, 1.90, 1.75, 42, 47, 47, 57, 38, 98.50, 2.24, 1.64, '2025-01-02 09:10:00'),
(9, 2, 'Group r', 170, 165, 145, 92.00, 127, 115, 84.50, 68, 3.00, 105, 89.50, 82, 100.00, 98, 100, 58, 1.95, 1.80, 47, 50, 52, 62, 43, 99.50, 2.30, 1.70, '2025-01-02 09:10:00'),
(10, 2, 'Group t', 175, 170, 150, 94.25, 130, 117, 87.00, 72, 3.15, 110, 91.25, 85, 102.00, 103, 105, 62, 2.00, 1.85, 52, 52, 57, 67, 48, 100.00, 2.35, 1.75, '2025-01-02 09:10:00'),
(11, 3, 'Group q', 160, 135, 128, 83.50, 115, 105, 77.00, 52, 2.55, 92, 84.25, 72, 95.00, 82, 87, 42, 1.80, 1.60, 32, 42, 38, 48, 28, 96.00, 2.12, 1.52, '2025-01-03 09:15:00'),
(12, 3, 'Group w', 190, 145, 132, 86.75, 118, 110, 79.50, 58, 2.70, 97, 86.00, 75, 97.00, 87, 90, 47, 1.85, 1.70, 37, 44, 42, 52, 33, 97.00, 2.18, 1.58, '2025-01-03 09:15:00'),
(13, 3, 'Group e', 185, 155, 140, 89.50, 122, 112, 82.00, 63, 2.85, 100, 87.75, 78, 98.50, 92, 95, 52, 1.90, 1.75, 42, 47, 47, 57, 38, 98.50, 2.24, 1.64, '2025-01-03 09:15:00'),
(14, 3, 'Group r', 170, 165, 145, 92.00, 127, 115, 84.50, 68, 3.00, 105, 89.50, 82, 100.00, 98, 100, 58, 1.95, 1.80, 47, 50, 52, 62, 43, 99.50, 2.30, 1.70, '2025-01-03 09:15:00'),
(15, 3, 'Group t', 175, 170, 150, 94.25, 130, 117, 87.00, 72, 3.15, 110, 91.25, 85, 102.00, 103, 105, 62, 2.00, 1.85, 52, 52, 57, 67, 48, 100.00, 2.35, 1.75, '2025-01-03 09:15:00'),
(16, 4, 'Group q', 160, 135, 128, 83.50, 115, 105, 77.00, 52, 2.55, 92, 84.25, 72, 95.00, 82, 87, 42, 1.80, 1.60, 32, 42, 38, 48, 28, 96.00, 2.12, 1.52, '2025-01-04 09:20:00'),
(17, 4, 'Group w', 165, 145, 135, 82.75, 116, 106, 75.25, 53, 2.40, 93, 84.50, 73, 94.75, 83, 88, 43, 1.75, 1.55, 33, 43, 39, 49, 29, 95.75, 2.10, 1.50, '2025-01-04 09:20:00'),
(18, 4, 'Group e', 185, 155, 140, 85.50, 119, 108, 77.50, 60, 2.55, 98, 86.25, 75, 96.25, 88, 90, 48, 1.80, 1.60, 38, 45, 43, 53, 34, 97.25, 2.15, 1.55, '2025-01-04 09:20:00'),
(19, 4, 'Group r', 170, 165, 150, 88.25, 123, 110, 79.75, 65, 2.70, 103, 88.00, 78, 97.75, 93, 95, 53, 1.85, 1.65, 43, 47, 47, 57, 39, 98.75, 2.20, 1.60, '2025-01-04 09:20:00'),
(20, 4, 'Group t', 190, 175, 155, 91.00, 128, 113, 82.00, 70, 2.85, 108, 89.75, 82, 99.25, 98, 100, 58, 1.90, 1.70, 48, 49, 52, 62, 44, 100.25, 2.25, 1.65, '2025-01-04 09:20:00'),
(21, 5, 'Group q', 165, 140, 115, 82.00, 110, 98, 75.50, 50, 2.50, 95, 83.00, 72, 94.50, 80, 85, 40, 1.75, 1.65, 30, 40, 35, 45, 25, 95.00, 2.10, 1.55, '2025-01-05 09:25:00'),
(22, 5, 'Group w', 180, 150, 125, 85.50, 115, 105, 78.00, 55, 2.65, 97, 85.75, 75, 96.00, 85, 88, 45, 1.80, 1.70, 35, 42, 40, 50, 30, 96.50, 2.15, 1.60, '2025-01-05 09:25:00'),
(23, 5, 'Group e', 175, 145, 135, 88.00, 120, 110, 80.00, 60, 2.80, 100, 88.50, 78, 97.50, 90, 90, 50, 1.85, 1.75, 40, 45, 45, 55, 35, 97.50, 2.20, 1.65, '2025-01-05 09:25:00'),
(24, 5, 'Group r', 190, 160, 140, 90.50, 125, 115, 82.50, 65, 2.95, 102, 91.00, 82, 98.50, 95, 93, 52, 1.90, 1.80, 42, 48, 50, 60, 37, 98.50, 2.25, 1.70, '2025-01-05 09:25:00'),
(25, 5, 'Group t', 185, 155, 145, 93.00, 130, 120, 85.00, 70, 3.10, 105, 93.50, 85, 100.00, 100, 95, 55, 1.95, 1.85, 45, 50, 55, 65, 40, 100.00, 2.30, 1.75, '2025-01-05 09:25:00'),
(26, 6, 'Group q', 160, 135, 128, 83.50, 115, 105, 77.00, 52, 2.55, 92, 84.25, 72, 95.00, 82, 87, 42, 1.80, 1.60, 32, 42, 38, 48, 28, 96.00, 2.12, 1.52, '2025-01-06 09:30:00'),
(27, 6, 'Group w', 190, 145, 132, 86.75, 118, 110, 79.50, 58, 2.70, 97, 86.00, 75, 97.00, 87, 90, 47, 1.85, 1.70, 37, 44, 42, 52, 33, 97.00, 2.18, 1.58, '2025-01-06 09:30:00'),
(28, 6, 'Group e', 185, 155, 140, 89.50, 122, 112, 82.00, 63, 2.85, 100, 87.75, 78, 98.50, 92, 95, 52, 1.90, 1.75, 42, 47, 47, 57, 38, 98.50, 2.24, 1.64, '2025-01-06 09:30:00'),
(29, 6, 'Group r', 170, 165, 145, 92.00, 127, 115, 84.50, 68, 3.00, 105, 89.50, 82, 100.00, 98, 100, 58, 1.95, 1.80, 47, 50, 52, 62, 43, 99.50, 2.30, 1.70, '2025-01-06 09:30:00'),
(30, 6, 'Group t', 175, 170, 150, 94.25, 130, 117, 87.00, 72, 3.15, 110, 91.25, 85, 102.00, 103, 105, 62, 2.00, 1.85, 52, 52, 57, 67, 48, 100.00, 2.35, 1.75, '2025-01-06 09:30:00'),
(31, 7, 'Group q', 160, 135, 128, 83.50, 115, 105, 77.00, 52, 2.55, 92, 84.25, 72, 95.00, 82, 87, 42, 1.80, 1.60, 32, 42, 38, 48, 28, 96.00, 2.12, 1.52, '2025-01-07 09:35:00'),
(32, 7, 'Group w', 190, 145, 132, 86.75, 118, 110, 79.50, 58, 2.70, 97, 86.00, 75, 97.00, 87, 90, 47, 1.85, 1.70, 37, 44, 42, 52, 33, 97.00, 2.18, 1.58, '2025-01-07 09:35:00'),
(33, 7, 'Group e', 185, 155, 140, 89.50, 122, 112, 82.00, 63, 2.85, 100, 87.75, 78, 98.50, 92, 95, 52, 1.90, 1.75, 42, 47, 47, 57, 38, 98.50, 2.24, 1.64, '2025-01-07 09:35:00'),
(34, 7, 'Group r', 170, 165, 145, 92.00, 127, 115, 84.50, 68, 3.00, 105, 89.50, 82, 100.00, 98, 100, 58, 1.95, 1.80, 47, 50, 52, 62, 43, 99.50, 2.30, 1.70, '2025-01-07 09:35:00'),
(35, 7, 'Group t', 175, 170, 150, 94.25, 130, 117, 87.00, 72, 3.15, 110, 91.25, 85, 102.00, 103, 105, 62, 2.00, 1.85, 52, 52, 57, 67, 48, 100.00, 2.35, 1.75, '2025-01-07 09:35:00'),
(36, 8, 'Group t', 165, 140, 115, 82.00, 110, 98, 75.50, 50, 2.50, 95, 83.00, 72, 94.50, 80, 85, 40, 1.75, 1.65, 30, 40, 35, 45, 25, 95.00, 2.10, 1.55, '2025-01-08 09:40:00'),
(37, 8, 'Group q', 180, 150, 125, 85.50, 115, 105, 78.00, 55, 2.65, 97, 85.75, 75, 96.00, 85, 88, 45, 1.80, 1.70, 35, 42, 40, 50, 30, 96.50, 2.15, 1.60, '2025-01-08 09:40:00'),
(38, 8, 'Group w', 175, 145, 135, 88.00, 120, 110, 80.00, 60, 2.80, 100, 88.50, 78, 97.50, 90, 90, 50, 1.85, 1.75, 40, 45, 45, 55, 35, 97.50, 2.20, 1.65, '2025-01-08 09:40:00'),
(39, 8, 'Group e', 190, 160, 140, 90.50, 125, 115, 82.50, 65, 2.95, 102, 91.00, 82, 98.50, 95, 93, 52, 1.90, 1.80, 42, 48, 50, 60, 37, 98.50, 2.25, 1.70, '2025-01-08 09:40:00'),
(40, 8, 'Group r', 185, 155, 145, 93.00, 130, 120, 85.00, 70, 3.10, 105, 93.50, 85, 100.00, 100, 95, 55, 1.95, 1.85, 45, 50, 55, 65, 40, 100.00, 2.30, 1.75, '2025-01-08 09:40:00'),
(41, 9, 'Group t', 160, 135, 128, 83.50, 115, 105, 77.00, 52, 2.55, 92, 84.25, 72, 95.00, 82, 87, 42, 1.80, 1.60, 32, 42, 38, 48, 28, 96.00, 2.12, 1.52, '2025-01-09 09:45:00'),
(42, 9, 'Group q', 190, 145, 132, 86.75, 118, 110, 79.50, 58, 2.70, 97, 86.00, 75, 97.00, 87, 90, 47, 1.85, 1.70, 37, 44, 42, 52, 33, 97.00, 2.18, 1.58, '2025-01-09 09:45:00'),
(43, 9, 'Group w', 185, 155, 140, 89.50, 122, 112, 82.00, 63, 2.85, 100, 87.75, 78, 98.50, 92, 95, 52, 1.90, 1.75, 42, 47, 47, 57, 38, 98.50, 2.24, 1.64, '2025-01-09 09:45:00'),
(44, 9, 'Group e', 170, 165, 145, 92.00, 127, 115, 84.50, 68, 3.00, 105, 89.50, 82, 100.00, 98, 100, 58, 1.95, 1.80, 47, 50, 52, 62, 43, 99.50, 2.30, 1.70, '2025-01-09 09:45:00'),
(45, 9, 'Group r', 175, 170, 150, 94.25, 130, 117, 87.00, 72, 3.15, 110, 91.25, 85, 102.00, 103, 105, 62, 2.00, 1.85, 52, 52, 57, 67, 48, 100.00, 2.35, 1.75, '2025-01-09 09:45:00'),
(46, 10, 'Group t', 160, 135, 128, 83.50, 115, 105, 77.00, 52, 2.55, 92, 84.25, 72, 95.00, 82, 87, 42, 1.80, 1.60, 32, 42, 38, 48, 28, 96.00, 2.12, 1.52, '2025-01-10 09:50:00'),
(47, 10, 'Group q', 190, 145, 132, 86.75, 118, 110, 79.50, 58, 2.70, 97, 86.00, 75, 97.00, 87, 90, 47, 1.85, 1.70, 37, 44, 42, 52, 33, 97.00, 2.18, 1.58, '2025-01-10 09:50:00'),
(48, 10, 'Group w', 185, 155, 140, 89.50, 122, 112, 82.00, 63, 2.85, 100, 87.75, 78, 98.50, 92, 95, 52, 1.90, 1.75, 42, 47, 47, 57, 38, 98.50, 2.24, 1.64, '2025-01-10 09:50:00'),
(49, 10, 'Group e', 170, 165, 145, 92.00, 127, 115, 84.50, 68, 3.00, 105, 89.50, 82, 100.00, 98, 100, 58, 1.95, 1.80, 47, 50, 52, 62, 43, 99.50, 2.30, 1.70, '2025-01-10 09:50:00'),
(50, 10, 'Group r', 175, 170, 150, 94.25, 130, 117, 87.00, 72, 3.15, 110, 91.25, 85, 102.00, 103, 105, 62, 2.00, 1.85, 52, 52, 57, 67, 48, 100.00, 2.35, 1.75, '2025-01-10 09:50:00'),
(51, 11, 'Group t', 160, 135, 128, 83.50, 115, 105, 77.00, 52, 2.55, 92, 84.25, 72, 95.00, 82, 87, 42, 1.80, 1.60, 32, 42, 38, 48, 28, 96.00, 2.12, 1.52, '2025-01-11 09:55:00'),
(52, 11, 'Group q', 190, 145, 132, 86.75, 118, 110, 79.50, 58, 2.70, 97, 86.00, 75, 97.00, 87, 90, 47, 1.85, 1.70, 37, 44, 42, 52, 33, 97.00, 2.18, 1.58, '2025-01-11 09:55:00'),
(53, 11, 'Group w', 185, 155, 140, 89.50, 122, 112, 82.00, 63, 2.85, 100, 87.75, 78, 98.50, 92, 95, 52, 1.90, 1.75, 42, 47, 47, 57, 38, 98.50, 2.24, 1.64, '2025-01-11 09:55:00'),
(54, 11, 'Group e', 170, 165, 145, 92.00, 127, 115, 84.50, 68, 3.00, 105, 89.50, 82, 100.00, 98, 100, 58, 1.95, 1.80, 47, 50, 52, 62, 43, 99.50, 2.30, 1.70, '2025-01-11 09:55:00'),
(55, 11, 'Group r', 175, 170, 150, 94.25, 130, 117, 87.00, 72, 3.15, 110, 91.25, 85, 102.00, 103, 105, 62, 2.00, 1.85, 52, 52, 57, 67, 48, 100.00, 2.35, 1.75, '2025-01-11 09:55:00'),
(56, 12, 'Group t', 160, 135, 128, 83.50, 115, 105, 77.00, 52, 2.55, 92, 84.25, 72, 95.00, 82, 87, 42, 1.80, 1.60, 32, 42, 38, 48, 28, 96.00, 2.12, 1.52, '2025-01-12 10:00:00'),
(57, 12, 'Group q', 190, 145, 132, 86.75, 118, 110, 79.50, 58, 2.70, 97, 86.00, 75, 97.00, 87, 90, 47, 1.85, 1.70, 37, 44, 42, 52, 33, 97.00, 2.18, 1.58, '2025-01-12 10:00:00'),
(58, 12, 'Group w', 165, 140, 115, 82.00, 110, 98, 75.50, 50, 2.50, 95, 83.00, 72, 94.50, 80, 85, 40, 1.75, 1.65, 30, 40, 35, 45, 25, 95.00, 2.10, 1.55, '2025-01-12 10:00:00'),
(59, 12, 'Group e', 180, 150, 125, 85.50, 115, 105, 78.00, 55, 2.65, 97, 85.75, 75, 96.00, 85, 88, 45, 1.80, 1.70, 35, 42, 40, 50, 30, 96.50, 2.15, 1.60, '2025-01-12 10:00:00'),
(60, 12, 'Group r', 175, 145, 135, 88.00, 120, 110, 80.00, 60, 2.80, 100, 88.50, 78, 97.50, 90, 90, 50, 1.85, 1.75, 40, 45, 45, 55, 35, 97.50, 2.20, 1.65, '2025-01-12 10:00:00'),
(61, 13, 'Group q', 160, 135, 128, 83.50, 115, 105, 77.00, 52, 2.55, 92, 84.25, 72, 95.00, 82, 87, 42, 1.80, 1.60, 32, 42, 38, 48, 28, 96.00, 2.12, 1.52, '2025-01-13 10:05:00'),
(62, 13, 'Group w', 190, 145, 132, 86.75, 118, 110, 79.50, 58, 2.70, 97, 86.00, 75, 97.00, 87, 90, 47, 1.85, 1.70, 37, 44, 42, 52, 33, 97.00, 2.18, 1.58, '2025-01-13 10:05:00'),
(63, 13, 'Group e', 185, 155, 140, 89.50, 122, 112, 82.00, 63, 2.85, 100, 87.75, 78, 98.50, 92, 95, 52, 1.90, 1.75, 42, 47, 47, 57, 38, 98.50, 2.24, 1.64, '2025-01-13 10:05:00'),
(64, 13, 'Group r', 170, 165, 145, 92.00, 127, 115, 84.50, 68, 3.00, 105, 89.50, 82, 100.00, 98, 100, 58, 1.95, 1.80, 47, 50, 52, 62, 43, 99.50, 2.30, 1.70, '2025-01-13 10:05:00'),
(65, 13, 'Group t', 175, 170, 150, 94.25, 130, 117, 87.00, 72, 3.15, 110, 91.25, 85, 102.00, 103, 105, 62, 2.00, 1.85, 52, 52, 57, 67, 48, 100.00, 2.35, 1.75, '2025-01-13 10:05:00'),
(66, 14, 'Group q', 160, 135, 128, 83.50, 115, 105, 77.00, 52, 2.55, 92, 84.25, 72, 95.00, 82, 87, 42, 1.80, 1.60, 32, 42, 38, 48, 28, 96.00, 2.12, 1.52, '2025-01-14 10:10:00'),
(67, 14, 'Group w', 190, 145, 132, 86.75, 118, 110, 79.50, 58, 2.70, 97, 86.00, 75, 97.00, 87, 90, 47, 1.85, 1.70, 37, 44, 42, 52, 33, 97.00, 2.18, 1.58, '2025-01-14 10:10:00'),
(68, 14, 'Group e', 185, 155, 140, 89.50, 122, 112, 82.00, 63, 2.85, 100, 87.75, 78, 98.50, 92, 95, 52, 1.90, 1.75, 42, 47, 47, 57, 38, 98.50, 2.24, 1.64, '2025-01-14 10:10:00'),
(69, 14, 'Group r', 170, 165, 145, 92.00, 127, 115, 84.50, 68, 3.00, 105, 89.50, 82, 100.00, 98, 100, 58, 1.95, 1.80, 47, 50, 52, 62, 43, 99.50, 2.30, 1.70, '2025-01-14 10:10:00'),
(70, 14, 'Group t', 175, 170, 150, 94.25, 130, 117, 87.00, 72, 3.15, 110, 91.25, 85, 102.00, 103, 105, 62, 2.00, 1.85, 52, 52, 57, 67, 48, 100.00, 2.35, 1.75, '2025-01-14 10:10:00'),
(71, 15, 'Group q', 160, 135, 128, 83.50, 115, 105, 77.00, 52, 2.55, 92, 84.25, 72, 95.00, 82, 87, 42, 1.80, 1.60, 32, 42, 38, 48, 28, 96.00, 2.12, 1.52, '2025-01-15 10:15:00'),
(72, 15, 'Group w', 190, 145, 132, 86.75, 118, 110, 79.50, 58, 2.70, 97, 86.00, 75, 97.00, 87, 90, 47, 1.85, 1.70, 37, 44, 42, 52, 33, 97.00, 2.18, 1.58, '2025-01-15 10:15:00'),
(73, 15, 'Group e', 185, 155, 140, 89.50, 122, 112, 82.00, 63, 2.85, 100, 87.75, 78, 98.50, 92, 95, 52, 1.90, 1.75, 42, 47, 47, 57, 38, 98.50, 2.24, 1.64, '2025-01-15 10:15:00'),
(74, 15, 'Group r', 170, 165, 145, 92.00, 127, 115, 84.50, 68, 3.00, 105, 89.50, 82, 100.00, 98, 100, 58, 1.95, 1.80, 47, 50, 52, 62, 43, 99.50, 2.30, 1.70, '2025-01-15 10:15:00'),
(75, 15, 'Group t', 175, 170, 150, 94.25, 130, 117, 87.00, 72, 3.15, 110, 91.25, 85, 102.00, 103, 105, 62, 2.00, 1.85, 52, 52, 57, 67, 48, 100.00, 2.35, 1.75, '2025-01-15 10:15:00'),
(76, 16, 'Group q', 160, 135, 128, 83.50, 115, 105, 77.00, 52, 2.55, 92, 84.25, 72, 95.00, 82, 87, 42, 1.80, 1.60, 32, 42, 38, 48, 28, 96.00, 2.12, 1.52, '2025-01-16 10:20:00'),
(77, 16, 'Group w', 165, 145, 135, 82.75, 116, 106, 75.25, 53, 2.40, 93, 84.50, 73, 94.75, 83, 88, 43, 1.75, 1.55, 33, 43, 39, 49, 29, 95.75, 2.10, 1.50, '2025-01-16 10:20:00'),
(78, 16, 'Group e', 185, 155, 140, 85.50, 119, 108, 77.50, 60, 2.55, 98, 86.25, 75, 96.25, 88, 90, 48, 1.80, 1.60, 38, 45, 43, 53, 34, 97.25, 2.15, 1.55, '2025-01-16 10:20:00'),
(79, 16, 'Group r', 170, 165, 150, 88.25, 123, 110, 79.75, 65, 2.70, 103, 88.00, 78, 97.75, 93, 95, 53, 1.85, 1.65, 43, 47, 47, 57, 39, 98.75, 2.20, 1.60, '2025-01-16 10:20:00'),
(80, 16, 'Group t', 190, 175, 155, 91.00, 128, 113, 82.00, 70, 2.85, 108, 89.75, 82, 99.25, 98, 100, 58, 1.90, 1.70, 48, 49, 52, 62, 44, 100.25, 2.25, 1.65, '2025-01-16 10:20:00'),
(81, 17, 'Group q', 165, 140, 115, 82.00, 110, 98, 75.50, 50, 2.50, 95, 83.00, 72, 94.50, 80, 85, 40, 1.75, 1.65, 30, 40, 35, 45, 25, 95.00, 2.10, 1.55, '2025-01-17 10:25:00'),
(82, 17, 'Group w', 180, 150, 125, 85.50, 115, 105, 78.00, 55, 2.65, 97, 85.75, 75, 96.00, 85, 88, 45, 1.80, 1.70, 35, 42, 40, 50, 30, 96.50, 2.15, 1.60, '2025-01-17 10:25:00'),
(83, 17, 'Group e', 175, 145, 135, 88.00, 120, 110, 80.00, 60, 2.80, 100, 88.50, 78, 97.50, 90, 90, 50, 1.85, 1.75, 40, 45, 45, 55, 35, 97.50, 2.20, 1.65, '2025-01-17 10:25:00'),
(84, 17, 'Group r', 190, 160, 140, 90.50, 125, 115, 82.50, 65, 2.95, 102, 91.00, 82, 98.50, 95, 93, 52, 1.90, 1.80, 42, 48, 50, 60, 37, 98.50, 2.25, 1.70, '2025-01-17 10:25:00'),
(85, 17, 'Group t', 185, 155, 145, 93.00, 130, 120, 85.00, 70, 3.10, 105, 93.50, 85, 100.00, 100, 95, 55, 1.95, 1.85, 45, 50, 55, 65, 40, 100.00, 2.30, 1.75, '2025-01-17 10:25:00'),
(86, 18, 'Group q', 160, 135, 128, 83.50, 115, 105, 77.00, 52, 2.55, 92, 84.25, 72, 95.00, 82, 87, 42, 1.80, 1.60, 32, 42, 38, 48, 28, 96.00, 2.12, 1.52, '2025-01-18 10:30:00'),
(87, 18, 'Group w', 190, 145, 132, 86.75, 118, 110, 79.50, 58, 2.70, 97, 86.00, 75, 97.00, 87, 90, 47, 1.85, 1.70, 37, 44, 42, 52, 33, 97.00, 2.18, 1.58, '2025-01-18 10:30:00'),
(88, 18, 'Group e', 185, 155, 140, 89.50, 122, 112, 82.00, 63, 2.85, 100, 87.75, 78, 98.50, 92, 95, 52, 1.90, 1.75, 42, 47, 47, 57, 38, 98.50, 2.24, 1.64, '2025-01-18 10:30:00'),
(89, 18, 'Group r', 170, 165, 145, 92.00, 127, 115, 84.50, 68, 3.00, 105, 89.50, 82, 100.00, 98, 100, 58, 1.95, 1.80, 47, 50, 52, 62, 43, 99.50, 2.30, 1.70, '2025-01-18 10:30:00'),
(90, 18, 'Group t', 175, 170, 150, 94.25, 130, 117, 87.00, 72, 3.15, 110, 91.25, 85, 102.00, 103, 105, 62, 2.00, 1.85, 52, 52, 57, 67, 48, 100.00, 2.35, 1.75, '2025-01-18 10:30:00'),
(91, 19, 'Group q', 160, 135, 128, 83.50, 115, 105, 77.00, 52, 2.55, 92, 84.25, 72, 95.00, 82, 87, 42, 1.80, 1.60, 32, 42, 38, 48, 28, 96.00, 2.12, 1.52, '2025-01-19 10:35:00'),
(92, 19, 'Group w', 190, 145, 132, 86.75, 118, 110, 79.50, 58, 2.70, 97, 86.00, 75, 97.00, 87, 90, 47, 1.85, 1.70, 37, 44, 42, 52, 33, 97.00, 2.18, 1.58, '2025-01-19 10:35:00'),
(93, 19, 'Group e', 185, 155, 140, 89.50, 122, 112, 82.00, 63, 2.85, 100, 87.75, 78, 98.50, 92, 95, 52, 1.90, 1.75, 42, 47, 47, 57, 38, 98.50, 2.24, 1.64, '2025-01-19 10:35:00'),
(94, 19, 'Group r', 170, 165, 145, 92.00, 127, 115, 84.50, 68, 3.00, 105, 89.50, 82, 100.00, 98, 100, 58, 1.95, 1.80, 47, 50, 52, 62, 43, 99.50, 2.30, 1.70, '2025-01-19 10:35:00'),
(95, 19, 'Group t', 175, 170, 150, 94.25, 130, 117, 87.00, 72, 3.15, 110, 91.25, 85, 102.00, 103, 105, 62, 2.00, 1.85, 52, 52, 57, 67, 48, 100.00, 2.35, 1.75, '2025-01-19 10:35:00'),
(96, 20, 'Group q', 165, 140, 115, 82.00, 110, 98, 75.50, 50, 2.50, 95, 83.00, 72, 94.50, 80, 85, 40, 1.75, 1.65, 30, 40, 35, 45, 25, 95.00, 2.10, 1.55, '2025-01-20 10:40:00'),
(97, 20, 'Group w', 180, 150, 125, 85.50, 115, 105, 78.00, 55, 2.65, 97, 85.75, 75, 96.00, 85, 88, 45, 1.80, 1.70, 35, 42, 40, 50, 30, 96.50, 2.15, 1.60, '2025-01-20 10:40:00'),
(98, 20, 'Group e', 175, 145, 135, 88.00, 120, 110, 80.00, 60, 2.80, 100, 88.50, 78, 97.50, 90, 90, 50, 1.85, 1.75, 40, 45, 45, 55, 35, 97.50, 2.20, 1.65, '2025-01-20 10:40:00'),
(99, 20, 'Group r', 190, 160, 140, 90.50, 125, 115, 82.50, 65, 2.95, 102, 91.00, 82, 98.50, 95, 93, 52, 1.90, 1.80, 42, 48, 50, 60, 37, 98.50, 2.25, 1.70, '2025-01-20 10:40:00'),
(100, 20, 'Group t', 185, 155, 145, 93.00, 130, 120, 85.00, 70, 3.10, 105, 93.50, 85, 100.00, 100, 95, 55, 1.95, 1.85, 45, 50, 55, 65, 40, 100.00, 2.30, 1.75, '2025-01-20 10:40:00'),
(101, 21, 'Group q', 160, 135, 128, 83.50, 115, 105, 77.00, 52, 2.55, 92, 84.25, 72, 95.00, 82, 87, 42, 1.80, 1.60, 32, 42, 38, 48, 28, 96.00, 2.12, 1.52, '2025-01-21 10:45:00'),
(102, 21, 'Group w', 190, 145, 132, 86.75, 118, 110, 79.50, 58, 2.70, 97, 86.00, 75, 97.00, 87, 90, 47, 1.85, 1.70, 37, 44, 42, 52, 33, 97.00, 2.18, 1.58, '2025-01-21 10:45:00'),
(103, 21, 'Group e', 185, 155, 140, 89.50, 122, 112, 82.00, 63, 2.85, 100, 87.75, 78, 98.50, 92, 95, 52, 1.90, 1.75, 42, 47, 47, 57, 38, 98.50, 2.24, 1.64, '2025-01-21 10:45:00'),
(104, 21, 'Group r', 170, 165, 145, 92.00, 127, 115, 84.50, 68, 3.00, 105, 89.50, 82, 100.00, 98, 100, 58, 1.95, 1.80, 47, 50, 52, 62, 43, 99.50, 2.30, 1.70, '2025-01-21 10:45:00'),
(105, 21, 'Group t', 175, 170, 150, 94.25, 130, 117, 87.00, 72, 3.15, 110, 91.25, 85, 102.00, 103, 105, 62, 2.00, 1.85, 52, 52, 57, 67, 48, 100.00, 2.35, 1.75, '2025-01-21 10:45:00'),
(106, 22, 'Group q', 160, 135, 128, 83.50, 115, 105, 77.00, 52, 2.55, 92, 84.25, 72, 95.00, 82, 87, 42, 1.80, 1.60, 32, 42, 38, 48, 28, 96.00, 2.12, 1.52, '2025-01-22 10:50:00'),
(107, 22, 'Group w', 190, 145, 132, 86.75, 118, 110, 79.50, 58, 2.70, 97, 86.00, 75, 97.00, 87, 90, 47, 1.85, 1.70, 37, 44, 42, 52, 33, 97.00, 2.18, 1.58, '2025-01-22 10:50:00'),
(108, 22, 'Group e', 185, 155, 140, 89.50, 122, 112, 82.00, 63, 2.85, 100, 87.75, 78, 98.50, 92, 95, 52, 1.90, 1.75, 42, 47, 47, 57, 38, 98.50, 2.24, 1.64, '2025-01-22 10:50:00'),
(109, 22, 'Group r', 170, 165, 145, 92.00, 127, 115, 84.50, 68, 3.00, 105, 89.50, 82, 100.00, 98, 100, 58, 1.95, 1.80, 47, 50, 52, 62, 43, 99.50, 2.30, 1.70, '2025-01-22 10:50:00'),
(110, 22, 'Group t', 175, 170, 150, 94.25, 130, 117, 87.00, 72, 3.15, 110, 91.25, 85, 102.00, 103, 105, 62, 2.00, 1.85, 52, 52, 57, 67, 48, 100.00, 2.35, 1.75, '2025-01-22 10:50:00'),
(111, 23, 'Group q', 160, 135, 128, 83.50, 115, 105, 77.00, 52, 2.55, 92, 84.25, 72, 95.00, 82, 87, 42, 1.80, 1.60, 32, 42, 38, 48, 28, 96.00, 2.12, 1.52, '2025-01-23 10:55:00'),
(112, 23, 'Group w', 190, 145, 132, 86.75, 118, 110, 79.50, 58, 2.70, 97, 86.00, 75, 97.00, 87, 90, 47, 1.85, 1.70, 37, 44, 42, 52, 33, 97.00, 2.18, 1.58, '2025-01-23 10:55:00'),
(113, 23, 'Group e', 185, 155, 140, 89.50, 122, 112, 82.00, 63, 2.85, 100, 87.75, 78, 98.50, 92, 95, 52, 1.90, 1.75, 42, 47, 47, 57, 38, 98.50, 2.24, 1.64, '2025-01-23 10:55:00'),
(114, 23, 'Group r', 170, 165, 145, 92.00, 127, 115, 84.50, 68, 3.00, 105, 89.50, 82, 100.00, 98, 100, 58, 1.95, 1.80, 47, 50, 52, 62, 43, 99.50, 2.30, 1.70, '2025-01-23 10:55:00'),
(115, 23, 'Group t', 175, 170, 150, 94.25, 130, 117, 87.00, 72, 3.15, 110, 91.25, 85, 102.00, 103, 105, 62, 2.00, 1.85, 52, 52, 57, 67, 48, 100.00, 2.35, 1.75, '2025-01-23 10:55:00'),
(116, 24, 'Group q', 160, 135, 128, 83.50, 115, 105, 77.00, 52, 2.55, 92, 84.25, 72, 95.00, 82, 87, 42, 1.80, 1.60, 32, 42, 38, 48, 28, 96.00, 2.12, 1.52, '2025-01-24 11:00:00'),
(117, 24, 'Group w', 190, 145, 132, 86.75, 118, 110, 79.50, 58, 2.70, 97, 86.00, 75, 97.00, 87, 90, 47, 1.85, 1.70, 37, 44, 42, 52, 33, 97.00, 2.18, 1.58, '2025-01-24 11:00:00'),
(118, 24, 'Group e', 165, 140, 115, 82.00, 110, 98, 75.50, 50, 2.50, 95, 83.00, 72, 94.50, 80, 85, 40, 1.75, 1.65, 30, 40, 35, 45, 25, 95.00, 2.10, 1.55, '2025-01-24 11:00:00'),
(119, 24, 'Group r', 180, 150, 125, 85.50, 115, 105, 78.00, 55, 2.65, 97, 85.75, 75, 96.00, 85, 88, 45, 1.80, 1.70, 35, 42, 40, 50, 30, 96.50, 2.15, 1.60, '2025-01-24 11:00:00'),
(120, 24, 'Group t', 175, 145, 135, 88.00, 120, 110, 80.00, 60, 2.80, 100, 88.50, 78, 97.50, 90, 90, 50, 1.85, 1.75, 40, 45, 45, 55, 35, 97.50, 2.20, 1.65, '2025-01-24 11:00:00'),
(121, 25, 'Group q', 160, 135, 128, 83.50, 115, 105, 77.00, 52, 2.55, 92, 84.25, 72, 95.00, 82, 87, 42, 1.80, 1.60, 32, 42, 38, 48, 28, 96.00, 2.12, 1.52, '2025-01-25 11:05:00'),
(122, 25, 'Group w', 190, 145, 132, 86.75, 118, 110, 79.50, 58, 2.70, 97, 86.00, 75, 97.00, 87, 90, 47, 1.85, 1.70, 37, 44, 42, 52, 33, 97.00, 2.18, 1.58, '2025-01-25 11:05:00'),
(123, 25, 'Group e', 185, 155, 140, 89.50, 122, 112, 82.00, 63, 2.85, 100, 87.75, 78, 98.50, 92, 95, 52, 1.90, 1.75, 42, 47, 47, 57, 38, 98.50, 2.24, 1.64, '2025-01-25 11:05:00'),
(124, 25, 'Group r', 170, 165, 145, 92.00, 127, 115, 84.50, 68, 3.00, 105, 89.50, 82, 100.00, 98, 100, 58, 1.95, 1.80, 47, 50, 52, 62, 43, 99.50, 2.30, 1.70, '2025-01-25 11:05:00'),
(125, 25, 'Group t', 175, 170, 150, 94.25, 130, 117, 87.00, 72, 3.15, 110, 91.25, 85, 102.00, 103, 105, 62, 2.00, 1.85, 52, 52, 57, 67, 48, 100.00, 2.35, 1.75, '2025-01-25 11:05:00'),
(126, 26, 'Group q', 160, 135, 128, 83.50, 115, 105, 77.00, 52, 2.55, 92, 84.25, 72, 95.00, 82, 87, 42, 1.80, 1.60, 32, 42, 38, 48, 28, 96.00, 2.12, 1.52, '2025-01-26 11:10:00'),
(127, 26, 'Group w', 190, 145, 132, 86.75, 118, 110, 79.50, 58, 2.70, 97, 86.00, 75, 97.00, 87, 90, 47, 1.85, 1.70, 37, 44, 42, 52, 33, 97.00, 2.18, 1.58, '2025-01-26 11:10:00'),
(128, 26, 'Group e', 185, 155, 140, 89.50, 122, 112, 82.00, 63, 2.85, 100, 87.75, 78, 98.50, 92, 95, 52, 1.90, 1.75, 42, 47, 47, 57, 38, 98.50, 2.24, 1.64, '2025-01-26 11:10:00'),
(129, 26, 'Group r', 170, 165, 145, 92.00, 127, 115, 84.50, 68, 3.00, 105, 89.50, 82, 100.00, 98, 100, 58, 1.95, 1.80, 47, 50, 52, 62, 43, 99.50, 2.30, 1.70, '2025-01-26 11:10:00'),
(130, 26, 'Group t', 175, 170, 150, 94.25, 130, 117, 87.00, 72, 3.15, 110, 91.25, 85, 102.00, 103, 105, 62, 2.00, 1.85, 52, 52, 57, 67, 48, 100.00, 2.35, 1.75, '2025-01-26 11:10:00');

-- --------------------------------------------------------

--
-- Tábla szerkezet ehhez a táblához `storageid`
--

CREATE TABLE `storageid` (
  `storage_id` int(11) NOT NULL,
  `sym_id` varchar(255) DEFAULT NULL,
  `srp_name` varchar(255) DEFAULT NULL,
  `insert_date` timestamp NOT NULL DEFAULT current_timestamp()
) ENGINE=InnoDB DEFAULT CHARSET=utf8mb4 COLLATE=utf8mb4_general_ci;

--
-- A tábla adatainak kiíratása `storageid`
--

INSERT INTO `storageid` (`storage_id`, `sym_id`, `srp_name`, `insert_date`) VALUES
(1, 'SYM001', 'SRP1', '2025-01-01 09:00:00'),
(2, 'SYM002', 'SRP2', '2025-01-02 10:00:00');

-- --------------------------------------------------------

--
-- Tábla szerkezet ehhez a táblához `storagephys`
--

CREATE TABLE `storagephys` (
  `sphys_id` int(11) NOT NULL,
  `storage_id` int(11) NOT NULL,
  `physical_capacity` int(11) DEFAULT NULL,
  `usable_capacity` int(11) DEFAULT NULL,
  `compression_state` varchar(255) DEFAULT NULL,
  `compression_ratio` decimal(5,2) DEFAULT NULL,
  `data_reduction_ratio` decimal(5,2) DEFAULT NULL,
  `srdf_dse_allocated` int(11) DEFAULT NULL,
  `snapshot_effective_capacity` int(11) DEFAULT NULL,
  `snapshots_allocated` int(11) DEFAULT NULL,
  `total_subscribed_pct` decimal(5,2) DEFAULT NULL,
  `insert_date` timestamp NOT NULL DEFAULT current_timestamp()
) ENGINE=InnoDB DEFAULT CHARSET=utf8mb4 COLLATE=utf8mb4_general_ci;

--
-- A tábla adatainak kiíratása `storagephys`
--

INSERT INTO `storagephys` (`sphys_id`, `storage_id`, `physical_capacity`, `usable_capacity`, `compression_state`, `compression_ratio`, `data_reduction_ratio`, `srdf_dse_allocated`, `snapshot_effective_capacity`, `snapshots_allocated`, `total_subscribed_pct`, `insert_date`) VALUES
(1, 1, 100, 90, 'Active', 1.50, 1.80, 50, 70, 80, 95.00, '2025-01-01 09:05:00'),
(2, 1, 115, 105, 'Active', 1.40, 1.90, 55, 80, 85, 92.00, '2025-01-02 09:10:00'),
(3, 1, 110, 100, 'Active', 1.60, 1.70, 48, 75, 82, 96.00, '2025-01-03 09:15:00'),
(4, 1, 130, 115, 'Active', 1.55, 2.00, 60, 85, 90, 94.00, '2025-01-04 09:20:00'),
(5, 1, 125, 110, 'Active', 1.70, 1.95, 53, 78, 88, 97.00, '2025-01-05 09:25:00'),
(6, 1, 135, 125, 'Active', 1.65, 2.10, 65, 82, 95, 91.00, '2025-01-06 09:30:00'),
(7, 1, 125, 115, 'Active', 1.80, 2.05, 58, 80, 92, 98.00, '2025-01-07 09:35:00'),
(8, 1, 150, 130, 'Active', 1.75, 2.30, 70, 90, 100, 95.50, '2025-01-08 09:40:00'),
(9, 1, 140, 120, 'Active', 1.85, 2.10, 68, 82, 97, 98.50, '2025-01-09 09:45:00'),
(10, 1, 160, 140, 'Active', 1.80, 2.25, 73, 88, 105, 99.00, '2025-01-10 09:50:00'),
(11, 1, 145, 130, 'Active', 1.95, 2.20, 75, 85, 100, 100.00, '2025-01-11 09:55:00'),
(12, 1, 170, 150, 'Active', 1.90, 2.35, 78, 92, 110, 100.50, '2025-01-12 10:00:00'),
(13, 2, 210, 170, 'Active', 2.75, 1.95, 90, 110, 120, 92.00, '2025-01-13 10:05:00'),
(14, 2, 180, 160, 'Inactive', 1.50, 2.25, 95, 115, 130, 98.50, '2025-01-14 10:10:00'),
(15, 2, 230, 195, 'Active', 2.80, 3.50, 70, 100, 110, 87.50, '2025-01-15 10:15:00'),
(16, 2, 200, 190, 'Active', 1.60, 1.70, 75, 95, 105, 102.00, '2025-01-16 10:20:00'),
(17, 2, 220, 180, 'Inactive', 3.10, 2.20, 85, 105, 115, 94.00, '2025-01-17 10:25:00'),
(18, 2, 240, 210, 'Active', 2.25, 2.85, 100, 120, 130, 89.50, '2025-01-18 10:30:00'),
(19, 2, 190, 150, 'Inactive', 1.20, 2.60, 60, 90, 100, 99.00, '2025-01-19 10:35:00'),
(20, 2, 215, 185, 'Active', 2.55, 3.00, 110, 125, 135, 96.50, '2025-01-20 10:40:00'),
(21, 2, 205, 170, 'Inactive', 1.90, 2.35, 65, 85, 95, 101.00, '2025-01-21 10:45:00'),
(22, 2, 225, 200, 'Active', 2.85, 3.10, 105, 130, 140, 95.00, '2025-01-22 10:50:00'),
(23, 2, 195, 160, 'Inactive', 1.70, 2.40, 50, 75, 85, 100.50, '2025-01-23 10:55:00'),
(24, 2, 250, 220, 'Active', 2.95, 2.75, 115, 140, 150, 93.50, '2025-01-24 11:00:00'),
(25, 2, 185, 165, 'Inactive', 1.30, 2.10, 55, 80, 90, 97.00, '2025-01-25 11:05:00'),
(26, 2, 210, 190, 'Active', 2.65, 3.20, 100, 115, 125, 90.00, '2025-01-26 11:10:00');

-- --------------------------------------------------------

--
-- Tábla szerkezet ehhez a táblához `storagetotal`
--

CREATE TABLE `storagetotal` (
  `stotal_id` int(11) NOT NULL,
  `sphys_id` int(11) NOT NULL,
  `provisioned_capacity` int(11) DEFAULT NULL,
  `subscribed_capacity` int(11) DEFAULT NULL,
  `effective_used` int(11) DEFAULT NULL,
  `effective_used_pct` decimal(5,2) DEFAULT NULL,
  `allocated_capacity` int(11) DEFAULT NULL,
  `allocated_capacity_pct` decimal(5,2) DEFAULT NULL,
  `physical_used` int(11) DEFAULT NULL,
  `used_capacity` int(11) DEFAULT NULL,
  `unreducible_used_cap` int(11) DEFAULT NULL,
  `compression_ratio` decimal(5,2) DEFAULT NULL,
  `snap_effective_used` int(11) DEFAULT NULL,
  `snap_capacity` int(11) DEFAULT NULL,
  `snap_physical_used` int(11) DEFAULT NULL,
  `snap_used_capacity` int(11) DEFAULT NULL,
  `snap_unreducible_used_cap` int(11) DEFAULT NULL,
  `compression_snapshot_ratio` decimal(5,2) DEFAULT NULL,
  `insert_date` timestamp NOT NULL DEFAULT current_timestamp()
) ENGINE=InnoDB DEFAULT CHARSET=utf8mb4 COLLATE=utf8mb4_general_ci;

--
-- A tábla adatainak kiíratása `storagetotal`
--

INSERT INTO `storagetotal` (`stotal_id`, `sphys_id`, `provisioned_capacity`, `subscribed_capacity`, `effective_used`, `effective_used_pct`, `allocated_capacity`, `allocated_capacity_pct`, `physical_used`, `used_capacity`, `unreducible_used_cap`, `compression_ratio`, `snap_effective_used`, `snap_capacity`, `snap_physical_used`, `snap_used_capacity`, `snap_unreducible_used_cap`, `compression_snapshot_ratio`, `insert_date`) VALUES
(1, 1, 210, 155, 133, 84.50, 105, 94.50, 82, 92, 52, 1.45, 32, 42, 62, 72, 22, 1.35, '2025-01-01 09:05:00'),
(2, 2, 225, 165, 137, 85.75, 112, 96.75, 87, 97, 57, 1.55, 37, 47, 67, 77, 27, 1.45, '2025-01-02 09:10:00'),
(3, 3, 218, 162, 142, 86.00, 108, 96.00, 89, 99, 54, 1.60, 38, 48, 68, 78, 28, 1.50, '2025-01-03 09:15:00'),
(4, 4, 235, 175, 148, 88.25, 120, 97.25, 93, 103, 62, 1.65, 45, 55, 75, 85, 35, 1.55, '2025-01-04 09:20:00'),
(5, 5, 245, 185, 153, 89.75, 125, 98.75, 98, 108, 65, 1.70, 50, 60, 80, 90, 40, 1.60, '2025-01-05 09:25:00'),
(6, 6, 260, 195, 158, 90.50, 132, 99.50, 102, 112, 70, 1.75, 55, 65, 85, 95, 45, 1.65, '2025-01-06 09:30:00'),
(7, 7, 255, 205, 165, 91.25, 135, 100.25, 105, 115, 73, 1.80, 58, 68, 88, 98, 48, 1.70, '2025-01-07 09:35:00'),
(8, 8, 275, 220, 172, 92.50, 142, 102.50, 110, 120, 75, 1.85, 63, 73, 93, 103, 53, 1.75, '2025-01-08 09:40:00'),
(9, 9, 288, 230, 177, 93.25, 148, 103.75, 115, 125, 82, 1.90, 67, 77, 97, 107, 57, 1.80, '2025-01-09 09:45:00'),
(10, 10, 295, 240, 180, 94.00, 150, 104.00, 120, 130, 85, 1.95, 70, 80, 100, 110, 60, 1.85, '2025-01-10 09:50:00'),
(11, 11, 305, 250, 185, 95.00, 155, 105.00, 125, 135, 90, 2.00, 75, 85, 105, 115, 65, 1.90, '2025-01-11 09:55:00'),
(12, 12, 315, 260, 188, 95.50, 158, 105.50, 128, 138, 92, 2.05, 78, 88, 108, 118, 68, 1.95, '2025-01-12 10:00:00'),
(13, 13, 322, 275, 195, 96.75, 160, 106.75, 130, 140, 95, 2.10, 80, 90, 110, 120, 70, 2.00, '2025-01-14 10:05:00'),
(14, 14, 340, 280, 200, 97.00, 165, 108.00, 135, 145, 98, 2.20, 83, 93, 113, 123, 73, 2.10, '2025-01-15 10:10:00'),
(15, 15, 348, 290, 205, 98.25, 170, 109.25, 140, 150, 100, 2.30, 88, 98, 118, 128, 78, 2.20, '2025-01-16 10:15:00'),
(16, 16, 355, 305, 210, 99.50, 175, 110.50, 145, 155, 105, 2.40, 93, 103, 123, 133, 83, 2.30, '2025-01-17 10:20:00'),
(17, 17, 365, 315, 215, 100.25, 180, 111.25, 150, 160, 108, 2.50, 95, 105, 125, 135, 85, 2.40, '2025-01-18 10:25:00'),
(18, 18, 375, 320, 220, 101.00, 185, 112.00, 155, 165, 110, 2.60, 98, 108, 128, 138, 88, 2.50, '2025-01-19 10:30:00'),
(19, 19, 388, 335, 225, 102.25, 190, 113.25, 160, 170, 115, 2.70, 103, 113, 133, 143, 93, 2.60, '2025-01-20 10:35:00'),
(20, 20, 395, 340, 230, 103.50, 195, 114.50, 165, 175, 118, 2.80, 108, 118, 138, 148, 98, 2.70, '2025-01-21 10:40:00'),
(21, 21, 405, 355, 235, 104.75, 200, 115.75, 170, 180, 120, 2.90, 113, 123, 143, 153, 103, 2.80, '2025-01-22 10:45:00'),
(22, 22, 418, 365, 240, 105.50, 205, 116.50, 175, 185, 125, 3.00, 115, 125, 145, 155, 105, 2.90, '2025-01-23 10:50:00'),
(23, 23, 425, 370, 245, 106.00, 210, 117.00, 180, 190, 128, 3.10, 118, 128, 148, 158, 108, 3.00, '2025-01-24 10:55:00'),
(24, 24, 435, 380, 250, 107.25, 215, 118.25, 185, 195, 130, 3.20, 120, 130, 150, 160, 110, 3.10, '2025-01-25 11:00:00'),
(25, 25, 445, 390, 255, 108.50, 220, 119.50, 190, 200, 135, 3.30, 123, 133, 153, 163, 113, 3.20, '2025-01-26 11:05:00'),
(26, 26, 450, 400, 260, 109.00, 225, 120.00, 195, 205, 140, 3.40, 125, 135, 155, 165, 115, 3.30, '2025-01-27 11:10:00');

-- --------------------------------------------------------

--
-- Tábla szerkezet ehhez a táblához `user`
--

CREATE TABLE `user` (
  `userId` int(6) UNSIGNED NOT NULL,
  `userName` varchar(32) NOT NULL,
  `pWord` varchar(32) NOT NULL,
  `userFirstName` varchar(64) DEFAULT NULL,
  `userLastName` varchar(64) DEFAULT NULL,
  `userContEmail` varchar(128) NOT NULL,
  `userContPhone` varchar(32) DEFAULT NULL,
  `userContSite` varchar(64) DEFAULT NULL,
  `userThumbnail` varchar(255) DEFAULT 'user',
  `userDate` timestamp NOT NULL DEFAULT current_timestamp(),
  `isDelete` int(1) DEFAULT 1
) ENGINE=InnoDB DEFAULT CHARSET=utf8mb4 COLLATE=utf8mb4_general_ci;

--
-- A tábla adatainak kiíratása `user`
--

INSERT INTO `user` (`userId`, `userName`, `pWord`, `userFirstName`, `userLastName`, `userContEmail`, `userContPhone`, `userContSite`, `userThumbnail`, `userDate`, `isDelete`) VALUES
(1, 'root', '63a9f0ea7bb98050796b649e85481845', 'Root', '', 'admin@cap_mngmt.hu/', '0036201234567', 'Budapest', 'cogs', '2025-02-25 13:23:41', 0);

--
-- Indexek a kiírt táblákhoz
--

--
-- A tábla indexei `group`
--
ALTER TABLE `group`
  ADD PRIMARY KEY (`groupId`),
  ADD UNIQUE KEY `groupGroupIdUnique` (`groupId`),
  ADD UNIQUE KEY `groupGroupNameUnique` (`groupName`);

--
-- A tábla indexei `group_member`
--
ALTER TABLE `group_member`
  ADD PRIMARY KEY (`groupMemberId`),
  ADD KEY `groupMemberGroupCascade` (`groupId`),
  ADD KEY `groupMemberUserCascade` (`userId`);

--
-- A tábla indexei `huntgroup`
--
ALTER TABLE `huntgroup`
  ADD PRIMARY KEY (`huntgroupId`);

--
-- A tábla indexei `huntgroup_member`
--
ALTER TABLE `huntgroup_member`
  ADD PRIMARY KEY (`huntgroupMemberId`),
  ADD KEY `huntgroupMemberGroupCascade` (`huntgroupId`),
  ADD KEY `huntgroupMemberUserCascade` (`userId`);

--
-- A tábla indexei `log`
--
ALTER TABLE `log`
  ADD PRIMARY KEY (`logId`),
  ADD KEY `logUserCascade` (`userId`);

--
-- A tábla indexei `storagegroup`
--
ALTER TABLE `storagegroup`
  ADD PRIMARY KEY (`sgroup_id`),
  ADD KEY `storageGroupCascade` (`sphys_id`);

--
-- A tábla indexei `storageid`
--
ALTER TABLE `storageid`
  ADD PRIMARY KEY (`storage_id`);

--
-- A tábla indexei `storagephys`
--
ALTER TABLE `storagephys`
  ADD PRIMARY KEY (`sphys_id`),
  ADD KEY `storagePhysCascade` (`storage_id`);

--
-- A tábla indexei `storagetotal`
--
ALTER TABLE `storagetotal`
  ADD PRIMARY KEY (`stotal_id`),
  ADD KEY `storageTotalCascade` (`sphys_id`);

--
-- A tábla indexei `user`
--
ALTER TABLE `user`
  ADD PRIMARY KEY (`userId`),
  ADD UNIQUE KEY `userName` (`userName`),
  ADD UNIQUE KEY `userContEmail` (`userContEmail`),
  ADD UNIQUE KEY `userUserIdUnique` (`userId`),
  ADD UNIQUE KEY `userUserNameUnique` (`userName`),
  ADD UNIQUE KEY `userUserContEmailUnique` (`userContEmail`);

--
-- A kiírt táblák AUTO_INCREMENT értéke
--

--
-- AUTO_INCREMENT a táblához `group`
--
ALTER TABLE `group`
  MODIFY `groupId` int(6) UNSIGNED NOT NULL AUTO_INCREMENT, AUTO_INCREMENT=5;

--
-- AUTO_INCREMENT a táblához `group_member`
--
ALTER TABLE `group_member`
  MODIFY `groupMemberId` int(6) UNSIGNED NOT NULL AUTO_INCREMENT, AUTO_INCREMENT=2;

--
-- AUTO_INCREMENT a táblához `huntgroup`
--
ALTER TABLE `huntgroup`
  MODIFY `huntgroupId` int(6) UNSIGNED NOT NULL AUTO_INCREMENT, AUTO_INCREMENT=3;

--
-- AUTO_INCREMENT a táblához `huntgroup_member`
--
ALTER TABLE `huntgroup_member`
  MODIFY `huntgroupMemberId` int(6) UNSIGNED NOT NULL AUTO_INCREMENT, AUTO_INCREMENT=3;

--
-- AUTO_INCREMENT a táblához `log`
--
ALTER TABLE `log`
  MODIFY `logId` int(6) UNSIGNED NOT NULL AUTO_INCREMENT;

--
-- AUTO_INCREMENT a táblához `storagegroup`
--
ALTER TABLE `storagegroup`
  MODIFY `sgroup_id` int(11) NOT NULL AUTO_INCREMENT, AUTO_INCREMENT=131;

--
-- AUTO_INCREMENT a táblához `storageid`
--
ALTER TABLE `storageid`
  MODIFY `storage_id` int(11) NOT NULL AUTO_INCREMENT, AUTO_INCREMENT=3;

--
-- AUTO_INCREMENT a táblához `storagephys`
--
ALTER TABLE `storagephys`
  MODIFY `sphys_id` int(11) NOT NULL AUTO_INCREMENT, AUTO_INCREMENT=27;

--
-- AUTO_INCREMENT a táblához `storagetotal`
--
ALTER TABLE `storagetotal`
  MODIFY `stotal_id` int(11) NOT NULL AUTO_INCREMENT, AUTO_INCREMENT=27;

--
-- AUTO_INCREMENT a táblához `user`
--
ALTER TABLE `user`
  MODIFY `userId` int(6) UNSIGNED NOT NULL AUTO_INCREMENT, AUTO_INCREMENT=2;

--
-- Megkötések a kiírt táblákhoz
--

--
-- Megkötések a táblához `group_member`
--
ALTER TABLE `group_member`
  ADD CONSTRAINT `groupMemberGroupCascade` FOREIGN KEY (`groupId`) REFERENCES `group` (`groupId`) ON DELETE CASCADE,
  ADD CONSTRAINT `groupMemberUserCascade` FOREIGN KEY (`userId`) REFERENCES `user` (`userId`) ON DELETE CASCADE;

--
-- Megkötések a táblához `huntgroup_member`
--
ALTER TABLE `huntgroup_member`
  ADD CONSTRAINT `huntgroupMemberGroupCascade` FOREIGN KEY (`huntgroupId`) REFERENCES `huntgroup` (`huntgroupId`) ON DELETE CASCADE,
  ADD CONSTRAINT `huntgroupMemberUserCascade` FOREIGN KEY (`userId`) REFERENCES `user` (`userId`) ON DELETE CASCADE;

--
-- Megkötések a táblához `log`
--
ALTER TABLE `log`
  ADD CONSTRAINT `logUserCascade` FOREIGN KEY (`userId`) REFERENCES `user` (`userId`) ON DELETE CASCADE;

--
-- Megkötések a táblához `storagegroup`
--
ALTER TABLE `storagegroup`
  ADD CONSTRAINT `storageGroupCascade` FOREIGN KEY (`sphys_id`) REFERENCES `storagephys` (`sphys_id`) ON DELETE CASCADE;

--
-- Megkötések a táblához `storagephys`
--
ALTER TABLE `storagephys`
  ADD CONSTRAINT `storagePhysCascade` FOREIGN KEY (`storage_id`) REFERENCES `storageid` (`storage_id`) ON DELETE CASCADE;

--
-- Megkötések a táblához `storagetotal`
--
ALTER TABLE `storagetotal`
  ADD CONSTRAINT `storageTotalCascade` FOREIGN KEY (`sphys_id`) REFERENCES `storagephys` (`sphys_id`) ON DELETE CASCADE;
COMMIT;

/*!40101 SET CHARACTER_SET_CLIENT=@OLD_CHARACTER_SET_CLIENT */;
/*!40101 SET CHARACTER_SET_RESULTS=@OLD_CHARACTER_SET_RESULTS */;
/*!40101 SET COLLATION_CONNECTION=@OLD_COLLATION_CONNECTION */;
